full_name,rating,jersey,team,position,b_day,height,weight,salary,country,draft_year,draft_round,draft_peak,college
LeBron James,97,#23,Los Angeles Lakers,F,12/30/84,2.06,113.4,37436858.0,USA,2003,1,1,
Kawhi Leonard,97,#2,Los Angeles Clippers,F,06/29/91,2.01,102.1,32742000.0,USA,2011,1,15,San Diego State
Giannis Antetokounmpo,96,#34,Milwaukee Bucks,F-G,12/06/94,2.11,109.8,25842697.0,Greece,2013,1,15,
Kevin Durant,96,#7,Brooklyn Nets,F,09/29/88,2.08,104.3,37199000.0,USA,2007,1,2,Texas
James Harden,96,#13,Houston Rockets,G,08/26/89,1.96,99.8,38199000.0,USA,2009,1,3,Arizona State
Stephen Curry,95,#30,Golden State Warriors,G,03/14/88,1.91,83.9,40231758.0,USA,2009,1,7,Davidson
Anthony Davis,94,#3,Los Angeles Lakers,F-C,03/11/93,2.08,100.7,27093019.0,USA,2012,1,1,Kentucky
Paul George,93,#13,Los Angeles Clippers,F,05/02/90,2.03,95.3,33005556.0,USA,2010,1,10,Fresno State
Damian Lillard,92,#0,Portland Trail Blazers,G,07/15/90,1.88,88.5,29802321.0,USA,2012,1,6,Weber State
Joel Embiid,91,#21,Philadelphia 76ers,C,03/16/94,2.13,113.4,27504630.0,Cameroon,2014,1,3,Kansas
Kyrie Irving,91,#11,Brooklyn Nets,G,03/23/92,1.88,81.6,31742000.0,Australia,2011,1,1,Duke
Nikola Jokic,90,#15,Denver Nuggets,C,02/19/95,2.13,114.8,27504630.0,Serbia,2014,2,41,
Russell Westbrook,90,#0,Houston Rockets,G,11/12/88,1.91,86.2,38506482.0,USA,2008,1,4,UCLA
Klay Thompson,89,#11,Golden State Warriors,G,02/08/90,1.98,93.0,32742000.0,USA,2011,1,11,Washington State
Karl-Anthony Towns,89,#32,Minnesota Timberwolves,F-C,11/15/95,2.11,112.5,27285000.0,USA,2015,1,1,Kentucky
Jimmy Butler,88,#22,Miami Heat,G,09/14/89,2.01,99.8,32742000.0,USA,2011,1,30,Marquette
Rudy Gobert,88,#27,Utah Jazz,C,06/26/92,2.16,108.0,25258427.0,France,2013,1,27,
Blake Griffin,88,#23,Detroit Pistons,F,03/16/89,2.06,114.3,34449964.0,USA,2009,1,1,Oklahoma
Donovan Mitchell,88,#45,Utah Jazz,G,09/07/96,1.85,95.7,3635760.0,USA,2017,1,13,Louisville
Kemba Walker,88,#8,Boston Celtics,G,05/08/90,1.83,78.0,32742000.0,USA,2011,1,9,UConn
Luka Doncic,87,#77,Dallas Mavericks,G-F,02/28/99,2.01,103.0,7683360.0,Slovenia,2018,1,3,
LaMarcus Aldridge,87,#12,San Antonio Spurs,F-C,07/19/85,2.11,111.6,26000000.0,USA,2006,1,2,Texas
Bradley Beal,87,#3,Washington Wizards,G,06/28/93,1.91,93.9,27093018.0,USA,2012,1,3,Florida
Mike Conley,87,#10,Utah Jazz,G,10/11/87,1.85,83.9,32511623.0,USA,2007,1,4,Ohio State
DeMar DeRozan,87,#10,San Antonio Spurs,G-F,08/07/89,1.98,99.8,27739975.0,USA,2009,1,9,USC
CJ McCollum,87,#3,Portland Trail Blazers,G,09/19/91,1.91,89.4,27556959.0,USA,2013,1,10,Lehigh
Victor Oladipo,87,#4,Indiana Pacers,G,05/04/92,1.93,96.6,21000000.0,USA,2013,1,2,Indiana
Kristaps Porzingis,87,#6,Dallas Mavericks,F-C,08/02/95,2.21,99.8,27285000.0,Latvia,2015,1,4,
D'Angelo Russell,87,#0,Minnesota Timberwolves,G,02/23/96,1.93,87.5,27285000.0,USA,2015,1,2,Ohio State
Pascal Siakam,87,#43,Toronto Raptors,F,04/02/94,2.06,103.0,2351838.0,Cameroon,2016,1,27,New Mexico State
Ben Simmons,87,#25,Philadelphia 76ers,F,07/20/96,2.08,108.9,8113929.0,Australia,2016,1,1,LSU
De'Aaron Fox,86,#5,Sacramento Kings,G,12/20/97,1.91,77.6,6392760.0,USA,2017,1,5,Kentucky
Devin Booker,86,#1,Phoenix Suns,G,10/30/96,1.96,93.4,27285000.0,USA,2015,1,13,Kentucky
DeMarcus Cousins,86,#0,,C,08/13/90,2.08,122.5,3500000.0,USA,2010,1,5,Kentucky
Andre Drummond,86,#0,Cleveland Cavaliers,C,08/10/93,2.08,122.5,27093018.0,USA,2012,1,9,UConn
Draymond Green,86,#23,Golden State Warriors,F,03/04/90,1.98,104.3,18539130.0,USA,2012,2,35,Michigan State
Jrue Holiday,86,#11,New Orleans Pelicans,G,06/12/90,1.91,81.6,26131111.0,USA,2009,1,17,UCLA
Nikola Vucevic,86,#9,Orlando Magic,C,10/24/90,2.11,108.9,28000000.0,Montenegro,2011,1,16,USC
John Wall,86,#2,Washington Wizards,G,09/06/90,1.93,88.5,38199000.0,USA,2010,1,1,Kentucky
Jayson Tatum,85,#0,Boston Celtics,F,03/03/98,2.03,92.5,7830000.0,USA,2017,1,3,Duke
Trae Young,85,#11,Atlanta Hawks,G,09/19/98,1.85,81.6,6273000.0,USA,2018,1,5,Oklahoma
Eric Bledsoe,85,#6,Milwaukee Bucks,G,12/09/89,1.85,88.5,15625000.0,USA,2010,1,18,Kentucky
Clint Capela,85,#15,Atlanta Hawks,C,05/18/94,2.08,95.7,16896552.0,Switzerland,2014,1,25,
Tobias Harris,85,#12,Philadelphia 76ers,F,07/15/92,2.03,102.5,32742000.0,USA,2011,1,19,Tennessee
Al Horford,85,#42,Philadelphia 76ers,C-F,06/03/86,2.06,111.6,28000000.0,Dominican Republic,2007,1,3,Florida
Zach LaVine,85,#8,Chicago Bulls,G,03/10/95,1.98,82.1,19500000.0,USA,2014,1,13,UCLA
Kyle Lowry,85,#7,Toronto Raptors,G,03/25/86,1.83,93.0,33296296.0,USA,2006,1,24,Villanova
Khris Middleton,85,#22,Milwaukee Bucks,F,08/12/91,2.01,98.4,30603448.0,USA,2012,2,39,Texas A&M
Chris Paul,85,#3,Oklahoma City Thunder,G,05/06/85,1.85,79.4,38506482.0,USA,2005,1,4,Wake Forest
John Collins,84,#20,Atlanta Hawks,F,09/23/97,2.06,102.1,2686560.0,USA,2017,1,19,Wake Forest
Buddy Hield,84,#24,Sacramento Kings,G,12/17/93,1.93,96.2,4861207.0,The Bahamas,2016,1,6,Oklahoma
Kyle Kuzma,84,#0,Los Angeles Lakers,F,07/24/95,2.03,100.2,1974600.0,USA,2017,1,27,Utah
Jamal Murray,84,#27,Denver Nuggets,G,02/23/97,1.93,91.2,4444746.0,Canada,2016,1,7,Kentucky
Louis Williams,84,#23,Los Angeles Clippers,G,10/27/86,1.85,79.4,8000000.0,USA,2005,2,45,
Marvin Bagley,83,#35,Sacramento Kings,F,03/14/99,2.11,106.6,8556120.0,USA,2018,1,2,Duke
Bojan Bogdanovic,83,#44,Utah Jazz,G-F,04/18/89,2.03,98.0,17000000.0,Croatia,2011,2,31,
Malcolm Brogdon,83,#7,Indiana Pacers,G,12/11/92,1.96,101.2,20000000.0,USA,2016,2,36,Virginia
Danilo Gallinari,83,#8,Oklahoma City Thunder,F,08/08/88,2.08,102.1,22615559.0,Italy,2008,1,6,
Montrezl Harrell,83,#5,Los Angeles Clippers,F,01/26/94,2.01,114.8,6000000.0,USA,2015,2,32,Louisville
Kevin Love,83,#0,Cleveland Cavaliers,F,09/07/88,2.03,117.9,28942830.0,USA,2008,1,5,UCLA
Lauri Markkanen,83,#24,Chicago Bulls,F-C,05/22/97,2.13,108.9,5300400.0,Finland,2017,1,7,Arizona
Jusuf Nurkic,83,#27,Portland Trail Blazers,C,08/23/94,2.13,131.5,12000000.0,Bosnia and Herzegovina,2014,1,16,
Julius Randle,83,#30,New York Knicks,F,11/29/94,2.03,113.4,18000000.0,USA,2014,1,7,Kentucky
Marc Gasol,82,#33,Toronto Raptors,C,01/29/85,2.11,120.2,25595700.0,Spain,2007,2,48,
Steven Adams,82,#12,Oklahoma City Thunder,C,07/20/93,2.11,115.7,25842697.0,New Zealand,2013,1,12,Pittsburgh
Deandre Ayton,82,#22,Phoenix Suns,C,07/23/98,2.11,113.4,9562920.0,The Bahamas,2018,1,1,Arizona
Spencer Dinwiddie,82,#8,Brooklyn Nets,G,04/06/93,1.96,93.0,10605600.0,USA,2014,2,38,Colorado
Jaren Jackson,82,#13,Memphis Grizzlies,F-C,09/15/99,2.11,110.0,6699960.0,USA,2018,1,4,Michigan State
Paul Millsap,82,#4,Denver Nuggets,F-C,02/10/85,2.01,113.4,30350000.0,USA,2017,2,47,Louisiana Tech
Marcus Smart,82,#36,Boston Celtics,G,03/06/94,1.91,103.0,12553571.0,USA,2014,1,6,Oklahoma State
Myles Turner,82,#33,Indiana Pacers,F-C,03/24/96,2.11,108.4,18000000.0,USA,2015,1,11,Texas
Serge Ibaka,81,#9,Toronto Raptors,F,09/18/89,2.13,108.9,23271604.0,Spain,2008,1,24,
Zion Williamson,81,#1,New Orleans Pelicans,F,07/06/00,1.98,128.8,9757440.0,USA,2019,1,1,Duke
Rudy Gay,81,#22,San Antonio Spurs,F,08/17/86,2.03,104.3,14500000.0,USA,2006,1,8,UConn
Aaron Gordon,81,#0,Orlando Magic,F,09/16/95,2.03,99.8,19863636.0,USA,2014,1,4,Arizona
Brandon Ingram,81,#14,New Orleans Pelicans,F,09/02/97,2.01,88.9,7265485.0,USA,2016,1,2,Duke
DeAndre Jordan,81,#6,Brooklyn Nets,C,07/21/88,2.11,120.2,9881598.0,USA,2008,2,35,Texas A&M
Domantas Sabonis,81,#11,Indiana Pacers,F-C,05/03/96,2.11,104.8,3529554.0,Lithuania,2016,1,11,Gonzaga
Jonas Valanciunas,81,#17,Memphis Grizzlies,C,05/06/92,2.11,104.8,16000000.0,Lithuania,2011,1,5,
Hassan Whiteside,81,#21,Portland Trail Blazers,C,06/13/89,2.13,106.6,27093018.0,USA,2010,2,33,Marshall
Derrick Rose,80,#25,Detroit Pistons,G,10/04/88,1.88,86.2,7317074.0,USA,2008,1,1,Memphis
Robert Covington,80,#33,Houston Rockets,F,12/14/90,2.01,94.8,11301219.0,USA,2013,Undrafted,Undrafted,Tennessee State
Derrick Favors,80,#22,New Orleans Pelicans,F,07/15/91,2.06,111.6,17650000.0,USA,2010,1,3,Georgia Tech
Gordon Hayward,80,#20,Boston Celtics,F,03/23/90,2.01,93.9,32700690.0,USA,2010,1,9,Butler
Reggie Jackson,80,#0,Los Angeles Clippers,G,04/16/90,1.91,94.3,17799677.0,USA,2011,1,24,Boston College
Enes Kanter,80,#11,Boston Celtics,C,05/20/92,2.08,118.8,4767000.0,Turkey,2011,1,3,
Otto Porter,80,#22,Chicago Bulls,F,06/03/93,2.03,89.8,27250576.0,USA,2013,1,2,Georgetown
JJ Redick,80,#4,New Orleans Pelicans,G,06/24/84,1.91,86.2,13486300.0,USA,2006,1,11,Duke
Josh Richardson,80,#0,Philadelphia 76ers,G,09/15/93,1.96,90.7,10116576.0,USA,2015,2,40,Tennessee
TJ Warren,80,#1,Indiana Pacers,F,09/05/93,2.03,99.8,11060000.0,USA,2014,1,14,NC State
Ja Morant,79,#12,Memphis Grizzlies,G,08/10/99,1.91,78.9,8730240.0,USA,2019,1,2,Murray State
Bam Adebayo,79,#13,Miami Heat,F-C,07/18/97,2.06,110.2,3454080.0,USA,2017,1,14,Kentucky
Jarrett Allen,79,#31,Brooklyn Nets,C,04/20/98,2.11,106.1,2376840.0,USA,2017,1,22,Texas
Lonzo Ball,79,#2,New Orleans Pelicans,G,10/27/97,1.98,86.2,8719320.0,USA,2017,1,2,UCLA
Harrison Barnes,79,#40,Sacramento Kings,F,05/30/92,2.03,95.3,24147727.0,USA,2012,1,7,North Carolina
Patrick Beverley,79,#21,Los Angeles Clippers,G,07/12/88,1.85,81.6,12345680.0,USA,2009,2,42,Arkansas
Jaylen Brown,79,#7,Boston Celtics,F,10/24/96,1.98,101.2,6534829.0,USA,2016,1,3,California
Willie Cauley-Stein,79,#0,Dallas Mavericks,C,08/18/93,2.13,109.8,2177483.0,USA,2015,1,6,Kentucky
Goran Dragic,79,#7,Miami Heat,G,05/06/86,1.91,86.2,19217900.0,Slovenia,2008,2,45,
Shai Gilgeous-Alexander,79,#2,Oklahoma City Thunder,G,07/12/98,1.96,81.6,3952920.0,Canada,2018,1,11,Kentucky
Gary Harris,79,#14,Denver Nuggets,G,09/14/94,1.93,93.0,17839286.0,USA,2014,1,19,Michigan State
Joe Ingles,79,#2,Utah Jazz,F,10/02/87,2.01,94.8,11454546.0,Australia,2009,Undrafted,Undrafted,
Jeremy Lamb,79,#26,Indiana Pacers,G,05/30/92,1.96,81.6,10500000.0,USA,2012,1,12,UConn
Brook Lopez,79,#11,Milwaukee Bucks,C,04/01/88,2.13,120.2,12093024.0,USA,2008,1,10,Stanford
JaVale McGee,79,#7,Los Angeles Lakers,C,01/19/88,2.13,122.5,4000000.0,USA,2008,1,18,Nevada
Mitchell Robinson,79,#23,New York Knicks,C,04/01/98,2.13,101.2,1559712.0,USA,2018,2,36,
Terrence Ross,79,#8,Orlando Magic,G,02/05/91,1.98,93.4,12500000.0,USA,2012,1,8,Washington
Tristan Thompson,79,#13,Cleveland Cavaliers,F,03/13/91,2.06,102.1,18539130.0,Canada,2011,1,4,Texas
PJ Tucker,79,#17,Houston Rockets,F,05/05/85,1.96,102.1,8349039.0,USA,2006,2,35,Texas
Fred VanVleet,79,#23,Toronto Raptors,G,02/25/94,1.85,89.4,9346153.0,USA,2006,Undrafted,Undrafted,Wichita State
Andrew Wiggins,79,#22,Golden State Warriors,F,02/23/95,2.01,89.4,27504630.0,Canada,2014,1,1,Kansas
Thaddeus Young,79,#21,Chicago Bulls,F,06/21/88,2.03,99.8,12900000.0,USA,2007,1,12,Georgia Tech
RJ Barrett,78,#9,New York Knicks,G,06/14/00,1.98,91.6,7839960.0,Canada,2019,1,3,Duke
Ricky Rubio,78,#11,Phoenix Suns,G,10/21/90,1.91,81.6,16200000.0,Spain,2009,1,5,
Will Barton,78,#5,Denver Nuggets,G,01/06/91,1.96,79.4,12776786.0,USA,2012,2,40,Memphis
Bogdan Bogdanovic,78,#8,Sacramento Kings,G,08/18/92,1.98,93.0,8529386.0,Serbia,2014,1,27,
Thomas Bryant,78,#13,Washington Wizards,F-C,07/31/97,2.08,109.3,8000000.0,USA,2017,2,42,Indiana
Wendell Carter,78,#34,Chicago Bulls,C,04/16/99,2.06,117.5,5201400.0,USA,2018,1,7,Duke
Jordan Clarkson,78,#8,Utah Jazz,G,06/07/92,1.93,84.4,13437500.0,Philippines,2014,2,46,Missouri
Evan Fournier,78,#10,Orlando Magic,G,10/29/92,2.01,86.2,17150000.0,France,2012,1,20,
Eric Gordon,78,#10,Houston Rockets,G,12/25/88,1.91,97.5,14057730.0,USA,2008,1,7,Indiana
JaMychal Green,78,#4,Los Angeles Clippers,F,06/21/90,2.03,99.8,4767000.0,USA,2012,Undrafted,Undrafted,Alabama
Joe Harris,78,#12,Brooklyn Nets,G,09/06/91,1.98,97.5,7666667.0,USA,2014,2,33,Virginia
Andre Iguodala,78,#9,Miami Heat,G-F,01/28/84,1.98,93.9,17185185.0,USA,2004,1,9,Arizona
Caris LeVert,78,#22,Brooklyn Nets,G,08/25/94,1.98,86.6,2625717.0,USA,2016,1,20,Michigan
Marcus Morris,78,#0,Los Angeles Clippers,F,09/02/89,2.03,106.6,15000000.0,USA,2011,1,14,Kansas
Dejounte Murray,78,#5,San Antonio Spurs,G,09/19/96,1.93,77.1,2321735.0,USA,2016,1,29,Washington
Larry Nance Jr,78,#22,Cleveland Cavaliers,F,01/01/93,2.01,103.0,12727273.0,USA,2015,1,27,Wyoming
Kelly Olynyk,78,#9,Miami Heat,C,04/19/91,2.11,106.1,12667885.0,Canada,2013,1,13,Gonzaga
Kelly Oubre,78,#3,Phoenix Suns,F-G,12/09/95,2.01,92.1,15625000.0,USA,2015,1,15,Kansas
Jabari Parker,78,#0,Sacramento Kings,F,03/15/95,2.03,106.6,6500000.0,USA,2014,1,2,Duke
Bobby Portis,78,#1,New York Knicks,F-C,02/10/95,2.08,111.6,15000000.0,USA,2015,1,22,Arkansas
Terry Rozier,78,#3,Charlotte Hornets,G,03/17/94,1.85,86.2,19894737.0,USA,2015,1,16,Louisville
Dennis Schroeder,78,#17,Oklahoma City Thunder,G,09/15/93,1.85,78.0,15500000.0,Germany,2013,1,17,
Jeff Teague,78,#0,Atlanta Hawks,G,06/10/88,1.91,82.1,19000000.0,USA,2009,1,19,Wake Forest
Derrick White,78,#4,San Antonio Spurs,G,07/02/94,1.93,90.7,1948080.0,USA,2017,1,29,Colorado
Justise Winslow,78,#0,Memphis Grizzlies,F,03/26/96,1.98,100.7,13000000.0,USA,2015,1,10,Duke
Darius Garland,77,#10,Cleveland Cavaliers,G,06/26/00,1.85,79.4,6400920.0,USA,2019,1,5,Vanderbilt
De'Andre Hunter,77,#12,Atlanta Hawks,F,12/01/97,2.01,102.1,7068360.0,USA,2019,1,4,Virginia
Al-Farouq Aminu,77,#2,Orlando Magic,F,09/21/90,2.03,97.5,9258000.0,Nigeria,2010,1,8,Wake Forest
Mo Bamba,77,#5,Orlando Magic,C,05/12/98,2.13,102.1,5697600.0,USA,2018,1,6,Texas
Nicolas Batum,77,#5,Charlotte Hornets,F-G,12/14/88,2.06,95.3,25565217.0,France,2008,1,25,
Malik Beasley,77,#0,Minnesota Timberwolves,G,11/26/96,1.93,89.8,2731713.0,USA,2016,1,19,Florida State
Nemanja Bjelica,77,#88,Sacramento Kings,F-G,05/09/88,2.08,101.6,6825000.0,Serbia,2010,2,35,
DeMarre Carroll,77,#0,Houston Rockets,F,07/27/86,1.98,96.2,7339258.0,USA,2009,1,27,Missouri
Ed Davis,77,#17,Utah Jazz,F,06/05/89,2.06,97.5,4767000.0,USA,2010,1,13,North Carolina
Taj Gibson,77,#67,New York Knicks,F,06/24/85,2.06,102.1,9000000.0,USA,2009,1,26,USC
Jerami Grant,77,#9,Denver Nuggets,F,03/12/94,2.03,97.1,9346153.0,USA,2014,2,39,Syracuse
Danny Green,77,#14,Los Angeles Lakers,G,06/22/87,1.98,94.8,14634147.0,USA,2009,2,46,North Carolina
Tim Hardaway Jr,77,#11,Dallas Mavericks,G,03/16/92,1.96,90.3,20025127.0,USA,2013,1,24,Michigan
Alex Len,77,#0,Sacramento Kings,C,06/16/93,2.13,102.1,4160000.0,Ukraine,2013,1,5,Maryland
Kevon Looney,77,#5,Golden State Warriors,F,02/06/96,2.06,100.7,4464286.0,USA,2015,1,30,UCLA
Monte Morris,77,#11,Denver Nuggets,G,06/27/95,1.88,79.4,1588231.0,USA,2017,2,51,Iowa State
Nerlens Noel,77,#9,Oklahoma City Thunder,F-C,04/10/94,2.08,93.4,1882867.0,USA,2013,1,6,Kentucky
Mason Plumlee,77,#24,Denver Nuggets,C-F,03/05/90,2.11,108.0,14041096.0,USA,2013,1,22,Duke
Jakob Poeltl,77,#25,San Antonio Spurs,C-F,10/15/95,2.16,108.4,3754885.0,Austria,2016,1,9,Utah
Dwight Powell,77,#7,Dallas Mavericks,F-C,07/20/91,2.08,106.1,10259375.0,Canada,2014,2,45,Stanford
Taurean Prince,77,#2,Brooklyn Nets,F,03/22/94,2.01,99.8,3481985.0,USA,2016,1,12,Baylor
Dario Saric,77,#20,Phoenix Suns,F,04/08/94,2.08,98.0,3481985.0,Croatia,2014,1,12,
Collin Sexton,77,#2,Cleveland Cavaliers,G,01/04/99,1.85,86.2,4764960.0,USA,2018,1,8,Alabama
Dennis Smith,77,#5,New York Knicks,G,11/25/97,1.88,88.5,4463640.0,USA,2017,1,9,NC State
Cody Zeller,77,#40,Charlotte Hornets,C-F,10/05/92,2.13,104.3,14471910.0,USA,2013,1,4,Indiana
Ivica Zubac,77,#40,Los Angeles Clippers,C,03/18/97,2.13,120.2,6481482.0,Croatia,2016,2,32,
Jarrett Culver,77,#23,Minnesota Timberwolves,G,02/20/99,1.98,88.5,5813640.0,USA,2019,1,6,Texas Tech
Willy Hernangomez,76,#9,Charlotte Hornets,C-F,05/27/94,2.11,115.7,1676735.0,Spain,2015,2,35,
Trevor Ariza,76,#0,Portland Trail Blazers,F-G,06/30/85,2.03,95.3,12200000.0,USA,2004,2,43,UCLA
DJ Augustin,76,#14,Orlando Magic,G,11/10/87,1.8,81.6,7250000.0,USA,2008,1,9,Texas
Jose Juan Barea,76,#5,Dallas Mavericks,G,06/26/84,1.78,79.4,2564753.0,Puerto Rico,2006,Undrafted,Undrafted,Northeastern
Michael Beasley,76,#0,,F,01/09/89,2.08,106.6,3500000.0,USA,2008,1,2,Kansas State
Davis Bertans,76,#42,Washington Wizards,F,11/12/92,2.08,95.7,7000000.0,Latvia,2011,2,42,
Avery Bradley,76,#11,Los Angeles Lakers,G,11/26/90,1.91,88.5,6767000.0,USA,2010,1,19,Texas
Miles Bridges,76,#0,Charlotte Hornets,F,03/21/98,1.98,102.1,3755400.0,USA,2018,1,12,Michigan State
Jalen Brunson,76,#13,Dallas Mavericks,G,08/31/96,1.85,86.2,1416852.0,USA,2018,2,33,Villanova
Kentavious Caldwell-Pope,76,#1,Los Angeles Lakers,G,02/18/93,1.96,92.5,8089282.0,USA,2013,1,8,Georgia
Jae Crowder,76,#99,Miami Heat,F,07/06/90,1.98,106.6,7815533.0,USA,2012,2,34,Marquette
Dewayne Dedmon,76,#0,Atlanta Hawks,C,08/12/89,2.13,108.4,13333334.0,USA,2013,Undrafted,Undrafted,USC
Gorgui Dieng,76,#0,Memphis Grizzlies,C,01/18/90,2.08,104.3,16229213.0,Senegal,2013,1,21,Louisville
Gerald Green,76,#0,,F-G,01/26/86,1.98,87.1,2564753.0,USA,2005,1,18,
Jeff Green,76,#34,Houston Rockets,F,08/28/86,2.03,106.6,3405180.0,USA,2007,1,5,Georgetown
Rodney Hood,76,#5,Portland Trail Blazers,F,10/20/92,2.03,94.3,5718000.0,USA,2014,1,23,Duke
Kevin Huerter,76,#3,Atlanta Hawks,G,08/27/98,2.01,86.2,2636280.0,USA,2018,1,19,Maryland
Ersan Ilyasova,76,#7,Milwaukee Bucks,F,05/15/87,2.06,106.6,7000000.0,Turkey,2005,2,36,
Jonathan Isaac,76,#1,Orlando Magic,F,10/03/97,2.11,93.0,5806440.0,USA,2017,1,6,Florida State
Josh Jackson,76,#20,Memphis Grizzlies,F,02/10/97,2.03,92.1,7059480.0,USA,2017,1,4,Kansas
Frank Kaminsky,76,#8,Phoenix Suns,F-C,04/04/93,2.13,104.8,4767000.0,USA,2015,1,9,Wisconsin
Michael Kidd-Gilchrist,76,#0,Dallas Mavericks,F,09/26/93,1.98,105.2,12784359.0,USA,2012,1,2,Kentucky
Kevin Knox,76,#20,New York Knicks,F,08/11/99,2.01,97.5,4380120.0,USA,2018,1,9,Kentucky
Meyers Leonard,76,#0,Miami Heat,C,02/27/92,2.13,111.1,11286515.0,USA,2012,1,11,Illinois 
Wesley Matthews,76,#9,Milwaukee Bucks,G,10/14/86,1.93,99.8,2564753.0,USA,2009,Undrafted,Undrafted,Marquette
Emmanuel Mudiay,76,#8,Utah Jazz,G,03/05/96,1.91,86.2,1737145.0,Democratic Republic of the Congo,2015,1,7,
Jahlil Okafor,76,#8,New Orleans Pelicans,C,12/15/95,2.08,122.5,1702486.0,USA,2015,1,3,Duke
Elfrid Payton,76,#6,New York Knicks,G,02/22/94,1.91,83.9,8000000.0,USA,2014,1,10,Louisiana
Michael Porter,76,#1,Denver Nuggets,F,06/29/98,2.08,97.5,3389400.0,USA,2018,1,14,Missouri 
Austin Rivers,76,#25,Houston Rockets,G,08/01/92,1.91,90.7,2174310.0,USA,2012,1,10,Duke
Andre Roberson,76,#21,Oklahoma City Thunder,G-F,12/04/91,2.01,93.4,10740740.0,USA,2013,1,26,Colorado 
Rajon Rondo,76,#9,Los Angeles Lakers,G,02/22/86,1.85,84.4,2564753.0,USA,2006,1,21,Kentucky
Landry Shamet,76,#20,Los Angeles Clippers,G,03/13/97,1.93,81.6,1995120.0,USA,2018,1,26,Wichita State
Daniel Theis,76,#27,Boston Celtics,C,04/04/92,2.03,97.5,5000000.0,Germany,2013,Undrafted,Undrafted,
Isaiah Thomas,76,#0,,G,02/07/89,1.75,83.9,2320044.0,USA,2011,2,60,Washington
Dion Waiters,76,#11,Los Angeles Lakers,G,12/10/91,1.91,95.3,12475385.0,USA,2012,1,4,Syracuse
Marvin Williams,76,#2,Milwaukee Bucks,F,06/19/86,2.03,108.9,14654179.0,USA,2005,1,2,North Carolina
Delon Wright,76,#55,Dallas Mavericks,G,04/26/92,1.96,82.1,9473684.0,USA,2015,1,20,Utah
Coby White,76,#0,Chicago Bulls,G,02/16/00,1.93,83.9,5307120.0,USA,2019,1,7,North Carolina
Pau Gasol,75,#0,,C,07/06/80,2.16,113.4,5538540.0,Spain,2001,1,3,
Aron Baynes,75,#46,Phoenix Suns,C,12/09/86,2.08,117.9,5453280.0,Australia,2009,Undrafted,Undrafted,Washington State
Kent Bazemore,75,#26,Sacramento Kings,G,07/01/89,1.93,88.5,19269663.0,USA,2012,Undrafted,Undrafted,Old Dominion
Marco Belinelli,75,#18,San Antonio Spurs,G,03/25/86,1.96,90.7,5846154.0,Italy,2007,1,18,
Bismack Biyombo,75,#8,Charlotte Hornets,C,08/28/92,2.03,103.9,17000000.0,Democratic Republic of the Congo,2011,1,7,
Mikal Bridges,75,#25,Phoenix Suns,F-G,08/30/96,1.98,94.8,4161000.0,USA,2018,1,10,Villanova
Wilson Chandler,75,#21,Brooklyn Nets,F-G,05/10/87,2.03,102.1,2564753.0,USA,2007,1,23,DePaul
Damyean Dotson,75,#21,New York Knicks,G,05/06/94,1.96,91.6,1618520.0,USA,2017,2,44,Houston
Kris Dunn,75,#32,Chicago Bulls,G,03/18/94,1.91,93.0,5348007.0,USA,2016,1,5,Providence
Wayne Ellington,75,#2,New York Knicks,G,11/29/87,1.93,90.7,8000000.0,USA,2009,1,28,North Carolina
Bryn Forbes,75,#11,San Antonio Spurs,G,07/23/93,1.88,84.8,2875000.0,USA,2016,Undrafted,Undrafted,Michigan State
Josh Hart,75,#3,New Orleans Pelicans,G,03/06/95,1.96,92.5,1934160.0,USA,2017,1,30,Villanova
John Henson,75,#31,Detroit Pistons,F,12/28/90,2.06,99.8,9732396.0,USA,2012,1,14,North Carolina
Mario Hezonja,75,#44,Portland Trail Blazers,F-G,02/25/95,2.03,91.2,1737145.0,Croatia,2015,1,5,
George Hill,75,#3,Milwaukee Bucks,G,05/04/86,1.91,81.6,10133907.0,USA,2008,1,26,IUPUI
Rondae Hollis-Jefferson,75,#4,Toronto Raptors,F,01/03/95,1.98,95.7,2500000.0,USA,2015,1,23,Arizona
Richaun Holmes,75,#22,Sacramento Kings,F,10/15/93,2.08,110.2,4767000.0,USA,2015,2,37,Bowling Green
James Johnson,75,#0,Minnesota Timberwolves,F,02/20/87,2.01,111.1,15349400.0,USA,2009,1,16,Wake Forest
Luke Kennard,75,#5,Detroit Pistons,G,06/24/96,1.96,88.9,3827160.0,USA,2017,1,12,Duke
Kyle Korver,75,#26,Milwaukee Bucks,F,03/17/81,2.01,96.2,6004753.0,USA,2003,2,51,Creighton
Rodions Kurucs,75,#0,Brooklyn Nets,F,02/05/98,2.06,97.5,1699236.0,Latvia,2018,2,40,
Jake Layman,75,#10,Minnesota Timberwolves,F,03/07/94,2.03,94.8,3581986.0,USA,2016,2,47,Maryland
Robin Lopez,75,#42,Milwaukee Bucks,C,04/01/88,2.13,115.7,4767000.0,USA,2008,1,15,Stanford
Trey Lyles,75,#41,San Antonio Spurs,F,11/05/95,2.06,109.3,5500000.0,Canada,2015,1,12,Kentucky
Boban Marjanovic,75,#51,Dallas Mavericks,C,08/15/88,2.24,131.5,3500000.0,Serbia,2010,Undrafted,Undrafted,
TJ McConnell,75,#9,Indiana Pacers,G,03/25/92,1.85,90.7,3500000.0,USA,2015,Undrafted,Undrafted,Arizona
Patrick Mills,75,#8,San Antonio Spurs,G,08/11/88,1.85,83.9,12678571.0,Australia,2009,2,55,Saint Mary's
Malik Monk,75,#1,Charlotte Hornets,G,02/04/98,1.91,89.4,4028400.0,USA,2017,1,11,Kentucky
Markieff Morris,75,#88,Los Angeles Lakers,F,09/02/89,2.03,111.1,3709887.0,USA,2011,1,13,Kansas
Shabazz Napier,75,#0,Washington Wizards,G,07/14/91,1.83,79.4,1845301.0,USA,2014,1,24,UConn
Cedi Osman,75,#16,Cleveland Cavaliers,F-G,04/08/95,2.01,97.5,2907143.0,Turkey,2015,2,31,
Tomas Satoransky,75,#31,Chicago Bulls,G,10/30/91,2.01,89.8,10000000.0,Czech,2012,2,32,
Mike Scott,75,#1,Philadelphia 76ers,F,07/16/88,2.01,107.5,4767000.0,USA,2012,2,43,Virginia
Noah Vonleh,75,#0,Denver Nuggets,F,08/24/95,2.08,112.0,2000000.0,USA,2014,1,9,Indiana
Allonzo Trier,75,#0,,G-F,01/17/96,1.93,90.7,3551100.0,USA,2018,Undrafted,Undrafted,Arizona
Juan Hernangomez,74,#41,Minnesota Timberwolves,F,09/28/95,2.06,99.8,3321029.0,Spain,2016,1,15,
Kyle Anderson,74,#1,Memphis Grizzlies,F,09/20/93,2.06,104.3,9073050.0,USA,2014,1,30,UCLA
Jordan Bell,74,#0,Cleveland Cavaliers,F-C,01/07/95,2.03,101.6,1870564.0,USA,2017,2,38,Oregon
Khem Birch,74,#24,Orlando Magic,C,09/28/92,2.06,94.8,3000000.0,Canada,2014,Undrafted,Undrafted,UNLV
Dillon Brooks,74,#24,Memphis Grizzlies,G-F,01/22/96,2.01,102.1,1618520.0,Canada,2017,2,45,Oregon
Reggie Bullock,74,#25,New York Knicks,G,03/16/91,1.98,90.7,4000000.0,USA,2013,1,25,North Carolina
Zach Collins,74,#33,Portland Trail Blazers,C,11/17/97,2.11,105.2,4240200.0,USA,2017,1,10,Gonzaga
Pat Connaughton,74,#24,Milwaukee Bucks,G,01/06/93,1.96,97.5,1723050.0,USA,2015,2,41,Notre Dame
Quinn Cook,74,#2,Los Angeles Lakers,G,03/23/93,1.85,81.6,3000000.0,USA,2015,Undrafted,Undrafted,Duke
Torrey Craig,74,#3,Denver Nuggets,G,12/19/90,2.01,97.5,2000000.0,USA,2014,Undrafted,Undrafted,USC Upstate
Seth Curry,74,#30,Dallas Mavericks,G,08/23/90,1.88,81.6,7461380.0,USA,2013,Undrafted,Undrafted,Duke
Cheick Diallo,74,#14,Phoenix Suns,F-C,09/13/96,2.03,99.3,1678854.0,Mali,2016,2,33,Kansas
Yogi Ferrell,74,#3,Sacramento Kings,G,05/09/93,1.83,80.7,3150000.0,USA,2016,Undrafted,Undrafted,Indiana
Markelle Fultz,74,#20,Orlando Magic,G,05/29/98,1.91,88.5,9745200.0,USA,2017,1,1,Washington
Harry Giles,74,#20,Sacramento Kings,F-C,04/22/98,2.11,105.2,2578800.0,USA,2017,1,20,Duke
Moe Harkless,74,#0,New York Knicks,F,05/11/93,2.01,94.3,11011234.0,USA,2012,1,15,St. John's
Justin Jackson,74,#44,Dallas Mavericks,F-G,03/28/95,2.01,91.2,3280920.0,USA,2017,1,15,North Carolina
Tyler Johnson,74,#0,Brooklyn Nets,G,05/07/92,1.91,84.4,19428485.0,USA,2014,Undrafted,Undrafted,Fresno State
Derrick Jones,74,#5,Miami Heat,F,02/15/97,1.98,88.5,1645357.0,USA,2016,Undrafted,Undrafted,UNLV
Cory Joseph,74,#9,Sacramento Kings,G,08/20/91,1.91,83.9,12000000.0,Canada,2011,1,29,Texas
Maxi Kleber,74,#42,Dallas Mavericks,F-C,01/29/92,2.08,95.7,8000000.0,Germany,2014,Undrafted,Undrafted,
TJ Leaf,74,#22,Indiana Pacers,F-C,04/30/97,2.08,100.7,2813280.0,Israel,2017,1,18,UCLA
Doug McDermott,74,#20,Indiana Pacers,F,01/03/92,2.01,98.9,7333333.0,USA,2014,1,11,Creighton
E'Twaun Moore,74,#55,New Orleans Pelicans,G,02/25/89,1.91,86.6,8664928.0,USA,2011,2,55,Purdue
Joakim Noah,74,#0,Los Angeles Clippers,C,02/25/85,2.11,103.0,6813026.0,USA,2007,1,9,Florida
Kyle O'Quinn,74,#9,Philadelphia 76ers,F-C,03/26/90,2.06,108.9,2174318.0,USA,2012,2,49,Norfolk State
Chandler Parsons,74,#0,,F,10/25/88,2.06,90.7,25102512.0,USA,2011,2,38,Florida
Norman Powell,74,#24,Toronto Raptors,G,05/25/93,1.91,97.5,10116576.0,USA,2015,2,46,UCLA
Ivan Rabb,74,#0,,F-C,02/04/97,2.08,99.8,451326.0,USA,2017,2,35,California
Glenn Robinson III,74,#22,Golden State Warriors,F,01/08/94,1.98,95.7,1882867.0,USA,2014,2,40,Michigan
Denzel Valentine,74,#45,Chicago Bulls,G,11/16/93,1.93,95.3,3377568.0,USA,2016,1,14,Michigan State
Robert Williams,74,#44,Boston Celtics,F-C,10/17/97,2.03,107.5,1937520.0,USA,2018,1,27,Texas A&M
Christian Wood,74,#35,Detroit Pistons,F,09/27/95,2.08,98.0,1645357.0,USA,2015,Undrafted,Undrafted,UNLV
Jaxson Hayes,74,#10,New Orleans Pelicans,F-C,05/23/00,2.11,99.8,4862040.0,USA,2019,1,8,Texas
Rui Hachimura,74,#8,Washington Wizards,F,02/08/98,2.03,102.1,4469160.0,Japan,2019,1,9,Gonzaga
OG Anunoby,73,#3,Toronto Raptors,F-G,07/17/97,2.01,105.2,2281800.0,United Kingdom,2017,1,23,Indiana
Dwayne Bacon,73,#7,Charlotte Hornets,G,08/30/95,1.98,99.8,1618520.0,USA,2017,2,40,Florida State
DeAndre Bembry,73,#95,Atlanta Hawks,F,07/04/94,1.96,93.9,2603981.0,USA,2016,1,21,Saint Joseph's
Jonah Bolden,73,#0,Phoenix Suns,F,01/02/96,2.03,97.5,1788296.0,Australia,2017,2,36,UCLA
Sterling Brown,73,#23,Milwaukee Bucks,G,02/10/95,1.96,104.3,1618520.0,USA,2017,2,46,SMU
Bruce Brown,73,#6,Detroit Pistons,G,08/15/96,1.93,86.2,1416852.0,USA,2018,2,42,Miami (Florida)
Troy Brown,73,#6,Washington Wizards,F-G,07/28/99,1.98,97.5,3219480.0,USA,2018,1,15,Oregon
Alec Burks,73,#0,Philadelphia 76ers,G,07/20/91,1.98,88.5,2320044.0,USA,2011,1,12,Colorado
Alex Caruso,73,#4,Los Angeles Lakers,G,02/28/94,1.96,84.4,2750000.0,USA,2016,Undrafted,Undrafted,Texas A&M
Tyson Chandler,73,#19,Houston Rockets,C,10/02/82,2.13,106.6,2564753.0,USA,2001,1,2,
Allen Crabbe,73,#0,,G-F,04/09/92,1.96,89.4,17818456.0,USA,2013,2,31,California
Matthew Dellavedova,73,#18,Cleveland Cavaliers,G,09/08/90,1.91,86.2,9607500.0,Australia,2013,Undrafted,Undrafted,Saint Mary's
James Ennis,73,#0,Orlando Magic,F,07/01/90,1.98,91.2,1882867.0,USA,2013,2,50,Long Beach State
Dorian Finney-Smith,73,#10,Dallas Mavericks,F,05/04/93,2.01,96.6,4000000.0,USA,2016,Undrafted,Undrafted,Florida
Shaquille Harrison,73,#3,Chicago Bulls,G,10/06/93,2.01,86.2,1620564.0,USA,2016,Undrafted,Undrafted,Tulsa
Aaron Holiday,73,#3,Indiana Pacers,G,09/30/96,1.83,83.9,2239200.0,USA,2018,1,23,UCLA
Danuel House,73,#4,Houston Rockets,F,06/07/93,1.98,99.8,3540000.0,USA,2016,Undrafted,Undrafted,Texas A&M
Stanley Johnson,73,#5,Toronto Raptors,F,05/29/96,1.98,109.8,3623000.0,USA,2015,1,8,Arizona
Tyus Jones,73,#21,Memphis Grizzlies,G,05/10/96,1.83,83.9,10116000.0,USA,2015,1,24,Duke
Furkan Korkmaz,73,#30,Philadelphia 76ers,F,06/27/97,2.01,83.9,1620564.0,Turkey,2016,1,26,
Ian Mahinmi,73,#28,Washington Wizards,C,11/05/86,2.11,104.3,15450051.0,France,2005,1,28,
CJ Miles,73,#0,,G-F,03/18/87,1.98,105.2,8730158.0,USA,2005,2,34,
Mike Muscala,73,#33,Oklahoma City Thunder,F-C,07/01/91,2.08,104.3,2028594.0,USA,2013,2,44,Bucknell
Frank Ntilikina,73,#11,New York Knicks,G,07/28/98,1.93,86.2,4855800.0,France,2017,1,8,
David Nwaba,73,#0,Houston Rockets,G,01/14/93,1.96,95.3,2581965.0,USA,2016,Undrafted,Undrafted,Cal Poly
Royce O'Neale,73,#23,Utah Jazz,F,06/05/93,1.93,102.5,1618520.0,USA,2015,Undrafted,Undrafted,Baylor
Semi Ojeleye,73,#37,Boston Celtics,F,12/05/94,1.98,106.6,1618520.0,USA,2017,2,37,SMU
Josh Okogie,73,#20,Minnesota Timberwolves,G,09/01/98,1.93,96.6,2530680.0,Nigeria,2018,1,20,Georgia Tech
Jonathon Simmons,73,#0,,G-F,09/14/89,1.98,88.5,1000000.0,USA,2012,Undrafted,Undrafted,Houston
Ishmael Smith,73,#14,Washington Wizards,G,07/05/88,1.83,79.4,6000000.0,USA,2010,Undrafted,Undrafted,Wake Forest
Tony Snell,73,#17,Detroit Pistons,F,11/10/91,1.98,89.8,11392857.0,USA,2013,1,20,New Mexico
Omari Spellman,73,#0,Minnesota Timberwolves,F,07/21/97,2.03,111.1,1897800.0,USA,2018,1,30,Villanova
Garrett Temple,73,#17,Brooklyn Nets,G-F,05/08/86,1.96,88.5,4767000.0,USA,2009,Undrafted,Undrafted,LSU
Evan Turner,73,#1,Minnesota Timberwolves,G-F,10/27/88,1.98,93.0,18606556.0,USA,2010,1,2,Ohio State
Lonnie Walker,73,#1,San Antonio Spurs,G,12/14/98,1.96,92.5,2764200.0,USA,2018,1,18,Miami (Florida)
Brad Wanamaker,73,#9,Boston Celtics,G,07/25/89,1.91,95.3,1445697.0,USA,2011,Undrafted,Undrafted,Pittsburgh
Ante Zizic,73,#41,Cleveland Cavaliers,C,01/04/97,2.08,113.4,2281800.0,Croatia,2016,1,23,
Tyler Herro,73,#14,Miami Heat,G,01/20/00,1.96,88.5,3640200.0,USA,2019,1,13,Kentucky
Vincent Poirier,73,#77,Boston Celtics,C,10/17/93,2.13,106.6,2505793.0,France,2015,Undrafted,Undrafted,
Sekou Doumbouya,73,#45,Detroit Pistons,F,12/23/00,2.03,94.8,3285120.0,France,2019,1,15,
Brandon Clarke,73,#15,Memphis Grizzlies,F,09/19/96,2.03,97.5,2478840.0,Canada,2019,1,21,Gonzaga
Nicolo Melli,73,#20,New Orleans Pelicans,F,01/26/91,2.06,107.0,4102564.0,Italy,2013,Undrafted,Undrafted,
Nassir Little,73,#9,Portland Trail Blazers,F,02/11/00,1.96,99.8,2105520.0,USA,2019,1,25,North Carolina
Grayson Allen,72,#3,Memphis Grizzlies,G,10/08/95,1.93,93.0,2429400.0,USA,2018,1,21,Duke
Antonio Blakeney,72,#0,,G-F,10/04/96,1.93,89.4,1488231.0,USA,2017,Undrafted,Undrafted,LSU
Michael Carter-Williams,72,#7,Orlando Magic,G,10/10/91,1.96,83.5,2028594.0,USA,2013,1,11,Syracuse
Troy Daniels,72,#30,Denver Nuggets,G,07/15/91,1.93,90.7,2487033.0,USA,2013,Undrafted,Undrafted,VCU
Donte DiVincenzo,72,#0,Milwaukee Bucks,G,01/31/97,1.93,93.0,2905800.0,USA,2018,1,17,Villanova
Jared Dudley,72,#10,Los Angeles Lakers,F,07/10/85,1.98,102.1,2564753.0,USA,2007,1,22,Boston College
Cristiano Felicio,72,#6,Chicago Bulls,F,07/07/92,2.08,122.5,8156500.0,Brazil,2014,Undrafted,Undrafted,
Tim Frazier,72,#0,,G,11/01/90,1.83,77.1,1620564.0,USA,2014,Undrafted,Undrafted,Penn State
Langston Galloway,72,#9,Detroit Pistons,G,12/09/91,1.85,91.6,7333333.0,USA,2014,Undrafted,Undrafted,Saint Joseph's
Justin Holiday,72,#8,Indiana Pacers,G,04/05/89,1.98,81.6,4767000.0,USA,2011,Undrafted,Undrafted,Washington
Chandler Hutchison,72,#15,Chicago Bulls,F,04/26/96,2.01,88.9,2332320.0,USA,2018,1,22,Boise State
Wesley Iwundu,72,#25,Orlando Magic,F,12/20/94,1.98,93.0,1618520.0,USA,2017,2,33,Kansas State
Brandon Knight,72,#0,Detroit Pistons,G,12/02/91,1.88,85.7,15643750.0,USA,2011,1,8,Kentucky
Courtney Lee,72,#1,Dallas Mavericks,G-F,10/03/85,1.96,90.7,12759670.0,USA,2008,1,22,Western Kentucky
Thon Maker,72,#7,Detroit Pistons,F-C,02/25/97,2.13,98.0,3569643.0,Australia,2016,1,10,
Patrick McCaw,72,#22,Toronto Raptors,G,10/25/95,2.01,82.1,4000000.0,USA,2016,2,38,UNLV
Rodney McGruder,72,#19,Los Angeles Clippers,G,07/29/91,1.93,93.0,4807693.0,USA,2013,Undrafted,Undrafted,Kansas State
Darius Miller,72,#21,New Orleans Pelicans,F,03/21/90,1.98,102.1,7250000.0,USA,2012,2,46,Kentucky
Raul Neto,72,#19,Philadelphia 76ers,G,05/19/92,1.85,77.1,1737145.0,Brazil,2013,2,47,
Georges Niang,72,#31,Utah Jazz,F,06/17/93,2.01,104.3,1645357.0,USA,2016,2,50,Iowa State
Cameron Payne,72,#0,Phoenix Suns,G,08/08/94,1.88,81.6,346288.0,USA,2015,1,14,Murray State
Anfernee Simons,72,#1,Portland Trail Blazers,G,06/08/99,1.91,82.1,2149560.0,USA,2018,1,24,
Zhaire Smith,72,#8,Philadelphia 76ers,G-F,06/04/99,1.91,93.0,3058800.0,USA,2018,1,16,Texas Tech
Anthony Tolliver,72,#0,Memphis Grizzlies,F,06/01/85,2.03,108.9,2854556.0,USA,2007,Undrafted,Undrafted,Creighton
DJ Wilson,72,#5,Milwaukee Bucks,F,02/19/96,2.08,106.1,2961120.0,USA,2017,1,17,Michigan
Alfonzo McKinnie,72,#0,Cleveland Cavaliers,F,09/17/92,2.03,97.5,2391985.0,USA,2015,Undrafted,Undrafted,Green Bay
Romeo Langford,72,#45,Boston Celtics,G,10/25/99,1.93,98.0,3458400.0,USA,2019,1,14,Indiana
Grant Williams,72,#12,Boston Celtics,F,11/30/98,1.98,107.0,2379840.0,USA,2019,1,22,Tennessee
Nicolas Claxton,72,#0,Brooklyn Nets,C,04/17/90,2.11,97.5,898310.0,USA,2019,2,31,Georgia
PJ Washington,72,#25,Charlotte Hornets,F,08/23/98,2.01,102.1,3831840.0,USA,2019,1,12,Kentucky
Ryan Arcidiacono,72,#51,Chicago Bulls,G,03/26/94,1.91,88.5,3000000.0,Italy,2016,Undrafted,Undrafted,Villanova
Kevin Porter,72,#4,Cleveland Cavaliers,G-F,05/04/00,1.93,98.9,1290960.0,USA,2019,1,30,USC
Ryan Broekhoff,72,#0,Philadelphia 76ers,F,08/23/90,1.98,97.5,2833704.0,Australia,2013,Undrafted,Undrafted,Valparaiso
Goga Bitadze,72,#88,Indiana Pacers,C,07/20/99,2.11,113.4,2816760.0,Georgia,2019,1,18,
De'Anthony Melton,72,#0,Memphis Grizzlies,G,05/28/98,1.88,86.2,1416852.0,USA,2018,2,46,USC
Kenrich Williams,72,#34,New Orleans Pelicans,G-F,12/02/94,1.98,95.3,1416852.0,USA,2018,Undrafted,Undrafted,TCU
Nickeil Alexander-Walker,72,#0,New Orleans Pelicans,G,09/02/98,1.96,93.0,2964840.0,Canada,2019,1,17,Virginia Tech
Chuma Okeke,72,#3,,F-C,08/18/98,2.03,104.0,2773550.0,USA,2019,1,16,Auburn
Matisse Thybulle,72,#22,Philadelphia 76ers,G-F,03/04/97,1.96,91.2,2582160.0,USA,2019,1,20,Washington
Cameron Johnson,72,#23,Phoenix Suns,F,03/03/96,2.03,95.3,4033440.0,USA,2019,1,11,North Carolina
Ty Jerome,72,#10,Phoenix Suns,G,07/08/97,1.96,88.5,2193480.0,USA,2019,1,24,Virginia
Luka Samanic,72,#19,San Antonio Spurs,F,01/09/00,2.08,94.8,2689920.0,Croatia,2019,1,19,
Keldon Johnson,72,#3,San Antonio Spurs,F,10/11/99,1.96,95.7,1950600.0,USA,2019,1,29,Kentucky
Matt Thomas,72,#21,Toronto Raptors,G,08/04/94,1.93,89.4,898310.0,USA,2017,Undrafted,Undrafted,Iowa State
Chris Boucher,71,#25,Toronto Raptors,F-C,01/11/93,2.06,90.7,1588231.0,Canada,2017,Undrafted,Undrafted,Oregon
Jevon Carter,71,#4,Phoenix Suns,G,09/14/95,1.85,90.7,1416852.0,USA,2018,2,32,West Virginia
Deyonta Davis,71,#0,,F-C,12/02/96,2.08,108.9,250000.0,USA,2016,2,31,Michigan State
Jacob Evans,71,#0,Minnesota Timberwolves,G,06/18/97,1.93,95.3,1925880.0,USA,2018,1,28,Cincinnati
Terrance Ferguson,71,#23,Oklahoma City Thunder,G,05/17/98,1.98,83.5,2475840.0,USA,2017,1,21,
Daniel Gafford,71,#12,Chicago Bulls,F,10/01/98,2.08,106.1,898310.0,USA,2019,2,38,Arkansas
Treveon Graham,71,#12,Atlanta Hawks,G,10/28/93,1.96,99.3,1645357.0,USA,2015,Undrafted,Undrafted,VCU
Frank Jackson,71,#15,New Orleans Pelicans,G,05/04/98,1.91,93.0,1618520.0,USA,2017,2,31,Duke
Luke Kornet,71,#2,Chicago Bulls,C,07/15/95,2.18,108.9,2250000.0,USA,2017,Undrafted,Undrafted,Vanderbilt
Frank Mason,71,#15,Milwaukee Bucks,G,04/13/94,1.8,86.2,79568.0,USA,2017,2,34,Kansas
Ben McLemore,71,#16,Houston Rockets,G,02/11/93,1.91,85.7,2028594.0,USA,2013,1,7,Kansas
Dzanan Musa,71,#13,Brooklyn Nets,F,05/08/99,2.06,88.5,1911600.0,Bosnia and Herzegovina,2018,1,29,
Elie Okobo,71,#2,Phoenix Suns,G,10/23/97,1.91,86.2,1416852.0,France,2018,2,31,
Jerome Robinson,71,#1,Washington Wizards,G,02/22/97,1.93,86.2,3567720.0,USA,2018,1,13,Boston College
JaKarr Sampson,71,#14,Indiana Pacers,F,03/20/93,2.01,101.2,1737145.0,USA,2014,Undrafted,Undrafted,St. John's
Edmond Sumner,71,#5,Indiana Pacers,G,12/13/95,1.93,84.4,2000000.0,USA,2017,2,52,Xavier
Gary Trent Jr,71,#2,Portland Trail Blazers,G,01/18/99,1.96,94.8,1416852.0,USA,2018,2,37,Duke
Moritz Wagner,71,#21,Washington Wizards,F,04/26/97,2.11,108.9,2063520.0,Germany,2018,1,25,Michigan
Admiral Schofield,71,#1,Washington Wizards,F,03/30/97,1.96,109.3,1000000.0,USA,2019,2,42,Tennessee
Bruno Fernando,71,#24,Atlanta Hawks,F,08/15/98,2.06,111.1,1400000.0,Angola,2019,2,34,Maryland
Alen Smailagic,71,#6,Golden State Warriors,F,08/18/00,2.08,97.5,898310.0,Serbia,2019,2,39,
Eric Paschall,71,#7,Golden State Warriors,F,11/04/96,1.98,115.7,898310.0,USA,2019,2,41,Villanova
Carsen Edwards,71,#4,Boston Celtics,G,03/12/98,1.8,90.7,1228026.0,USA,2019,2,33,Purdue
KZ Okpala,71,#4,Miami Heat,F,04/28/99,2.03,97.5,898310.0,USA,2019,2,32,Stanford
Shake Milton,71,#18,Philadelphia 76ers,C,09/26/96,1.96,93.0,1445697.0,USA,2018,2,54,SMU
Chimezie Metu,71,#7,San Antonio Spurs,F,03/22/97,2.06,102.1,1416852.0,Nigeria,2018,2,49,USC
Keita Bates-Diop,70,#0,Denver Nuggets,F,01/23/96,2.03,106.6,1416852.0,USA,2018,2,48,Ohio State
Darius Bazley,70,#7,Oklahoma City Thunder,F,06/12/00,2.03,90.7,2284800.0,USA,2019,1,23,
Tony Bradley,70,#13,Utah Jazz,F-C,01/08/98,2.08,112.5,1962360.0,USA,2017,1,28,North Carolina
Hamidou Diallo,70,#6,Oklahoma City Thunder,G,07/31/98,1.96,89.8,1416852.0,USA,2018,2,45,Kentucky
Melvin Frazier,70,#35,Orlando Magic,F,08/30/96,1.96,91.2,1416852.0,USA,2018,2,35,Tulane
Solomon Hill,70,#44,Miami Heat,F,03/18/91,1.98,102.5,13290395.0,USA,2013,1,23,Arizona
Alize Johnson,70,#24,Indiana Pacers,F,04/26/96,2.01,91.2,1416852.0,USA,2018,2,50,Missouri State
Skal Labissiere,70,#0,Atlanta Hawks,C-F,03/18/96,2.08,98.0,2338846.0,Haiti,2016,1,28,Kentucky
Tyler Lydon,70,#0,,F-C,04/09/96,2.06,99.8,50000.0,USA,2017,1,24,Syracuse
Sviatoslav Mykhailiuk,70,#19,Detroit Pistons,G,06/10/97,2.01,93.0,1416852.0,Ukraine,2018,2,47,Kansas
Johnathan Motley,70,#15,Los Angeles Clippers,F,05/04/95,2.03,104.3,79568.0,USA,2017,Undrafted,Undrafted,Baylor
Abdel Nader,70,#11,Oklahoma City Thunder,F,09/25/93,1.96,102.1,1618520.0,Egypt,2016,2,58,Iowa State
Miles Plumlee,70,#0,,F-C,09/01/88,2.11,115.7,12500000.0,USA,2012,1,26,Duke
Caleb Swanigan,70,#50,Portland Trail Blazers,C,04/18/97,2.06,112.9,2033160.0,USA,2017,1,26,Purdue
Jarred Vanderbilt,70,#0,Minnesota Timberwolves,F,04/03/99,2.06,97.1,1416852.0,USA,2018,2,41,Kentucky
Jemerrio Jones,70,#0,,F,04/09/95,1.96,91.2,195077.0,USA,2018,Undrafted,Undrafted,New Mexico State
Jordan Poole,70,#3,Golden State Warriors,G,06/19/99,1.93,88.0,1964760.0,USA,2019,1,28,Michigan
Talen Horton-Tucker,70,#5,Los Angeles Lakers,G,11/20/00,1.93,106.1,898310.0,USA,2019,2,46,Iowa State
Yante Maten,70,#0,,F-C,08/14/96,2.03,108.9,100000.0,USA,2018,Undrafted,Undrafted,Georgia
Thanasis Antetokounmpo,70,#43,Milwaukee Bucks,F,07/18/92,1.98,97.5,1445697.0,Greece,2014,2,51,
Naz Reid,70,#11,Minnesota Timberwolves,C,08/26/99,2.06,112.9,898310.0,USA,2019,Undrafted,Undrafted,LSU
Ignas Brazdeikis,70,#17,New York Knicks,F,01/08/99,1.98,98.0,898310.0,Canada,2019,2,47,Michigan
Deonte Burton,70,#30,Oklahoma City Thunder,G,06/26/91,1.93,108.9,1416852.0,USA,2014,Undrafted,Undrafted,Iowa State
Justin James,70,#10,Sacramento Kings,G,01/24/97,2.01,86.2,898310.0,USA,2019,2,40,Wyoming
Henry Ellenson,69,#0,,F-C,01/13/97,2.08,109.8,79568.0,USA,2016,1,18,Marquette
Devonte Graham,69,#0,Charlotte Hornets,G,02/22/95,1.85,83.9,1416852.0,USA,2018,2,34,Kansas
Amile Jefferson,69,#0,,F-C,05/07/93,2.06,101.6,1529007.0,USA,2017,Undrafted,Undrafted,Duke
Khyri Thomas,69,#13,Detroit Pistons,G,05/08/96,1.91,95.3,1416852.0,USA,2018,2,38,Creighton
Theo Pinson,69,#0,New York Knicks,G,11/05/95,1.96,99.8,1445697.0,USA,2018,Undrafted,Undrafted,North Carolina
Gary Clark,69,#0,Orlando Magic,F,11/16/94,1.98,102.1,1427191.0,USA,2018,Undrafted,Undrafted,Cincinnati
Terance Mann,69,#14,Los Angeles Clippers,G,10/18/96,1.96,97.5,1000000.0,USA,2019,2,48,Florida State
Cam Reynolds,69,#13,Milwaukee Bucks,G,02/07/95,2.01,102.1,79568.0,USA,2018,Undrafted,Undrafted,Tulane
Tyrone Wallace,69,#0,,G-F,06/10/94,1.96,90.7,502491.0,USA,2016,2,60,California
Miye Oni,69,#24,Utah Jazz,F,08/04/97,1.96,95.3,898310.0,USA,2019,2,58,Yale
Malcolm Miller,69,#13,Toronto Raptors,F,03/06/93,2.01,93.0,1588231.0,USA,2015,Undrafted,Undrafted,Holy Cross
Isaac Bonga,68,#17,Washington Wizards,G,11/08/99,2.03,90.7,1416852.0,Germany,2018,2,39,
Isaiah Hartenstein,68,#0,,F-C,05/05/98,2.13,113.4,1416852.0,Germany,2017,2,43,
Jordan McRae,68,#0,Detroit Pistons,G,03/28/91,1.96,81.2,1254933.0,USA,2014,2,58,Tennessee
Brandon Goodwin,68,#0,Atlanta Hawks,G,10/02/95,1.83,81.6,522738.0,USA,2018,Undrafted,Undrafted,Florida Gulf Coast
Michael Frazier,68,#21,Houston Rockets,G,03/08/94,1.91,90.7,79568.0,USA,2015,2,60,Florida
Kostas Antetokounmpo,68,#37,Los Angeles Lakers,F,11/20/97,2.08,90.7,79568.0,Greece,2018,Undrafted,Undrafted,Dayton
Jalen Lecque,68,#0,Phoenix Suns,G,06/13/00,1.91,86.2,898310.0,USA,2019,Undrafted,Undrafted,
Duncan Robinson,67,#55,Miami Heat,F,04/22/94,2.01,97.5,1416852.0,USA,2018,Undrafted,Undrafted,Michigan
